id,fecha_agresion,estado,descripcion,presunto_autor,tipo_agresion,departamento,genero,cargo,nombre,apellido,sucedio_en_internet
5006g00000lyOkXAAU,1986-07-01,Cerrado,Hace parte de la persecución del Cartel de Medellín a periodistas y personal administrativo de El Espectador.,Narcotraficantes,Asesinato,Amazonas,Hombre,Otro,Luis Roberto,Camacho Prada,NA
5006g00000lyOYVAA2,1990-04-01,Cerrado,Hace parte de la persecución del Cartel de Medellín a periodistas y personal administrativo de 'El Espectador'.,Narcotraficantes,Asesinato,Antioquia,Hombre,Otro,Hernando,Tavera,NA
5006g00000lyOUUAA2,1987-08-01,Cerrado,NA,Paramilitares,Asesinato,Antioquia,Hombre,Otro,Héctor,Abad Gómez,NA
5006g00000lyOhbAAE,1983-09-01,Cerrado,NA,Narcotraficantes,Asesinato,Antioquia,Hombre,Otro,Nelson,Anaya Barreto,NA
5006g00000lyOYWAA2,1990-04-01,Cerrado,NA,Narcotraficantes,Asesinato,Antioquia,Hombre,Otro,Rubén Darío,Carrillo,NA
5006g00000lyOOrAAM,1991-04-01,Cerrado,Asesinado junto con el periodista Jorge Enrique Navas Torres.,Desconocido,Asesinato,Antioquia,Hombre,Otro,Julio Daniel,Chaparro Hurtado,NA
5006g00000lyObaAAE,1987-11-01,Cerrado,NA,Desconocido,Asesinato,Antioquia,Hombre,Otro,Nelson,Gavini Alzate,NA
5006g00000lyOp3AAE,1986-01-01,Cerrado,Hace parte de la persecución del Cartel de Medellín a periodistas y personal administrativo de El Espectador.,Narcotraficantes,Asesinato,Antioquia,Hombre,Otro,Alberto,Lebrúm Múnera,NA
5006g00000lyObpAAE,1989-10-01,Cerrado,Hace parte de la persecución del Cartel de Medellín a periodistas y personal administrativo de El Espectador.,Narcotraficantes,Asesinato,Antioquia,Mujer,Otro,Martha Luz,López López,NA
5006g00000lyOhcAAE,1994-09-01,Cerrado,NA,Desconocido,Asesinato,Antioquia,Hombre,Otro,Martín Eduardo,Múnera,NA
5006g00000lyObqAAE,1989-10-01,Cerrado,NA,Narcotraficantes,Asesinato,Antioquia,Hombre,Otro,Roberto,Sarasty Obregón,NA
5006g00000lyObrAAE,1989-10-01,Cerrado,Hace parte de la persecución del Cartel de Medellín a periodistas y personal administrativo de El Espectador.,Narcotraficantes,Asesinato,Antioquia,Hombre,Otro,Miguel,Soler,NA
5006g00000lyOesAAE,1989-06-01,Cerrado,NA,Desconocido,Asesinato,Antioquia,Hombre,Otro,Jorge León,Vallejo Rendón,NA
5006g00000lyObsAAE,1989-10-01,Cerrado,NA,Narcotraficantes,Asesinato,Antioquia,Hombre,Otro,Diego,Vargas Escobar,NA
5006g00000lyOOsAAM,1991-04-01,Cerrado,Asesinado junto con el periodista Julio Daniel Chaparro. Ver radicado 595.,Desconocido,Asesinato,Antioquia,Hombre,Reportero gráfico,Jorge Enrique,Torres Navas,NA
5006g00000lyOtCAAU,2013-09-11,Cerrado,"El pasado 11 de septiembre de 2013, el abogado y periodista Edison Alberto Molina fue asesinado cuando se dirigía a su casa desde la emisora Puerto Berrío Estéreo donde tenía su programa de radio 'Consultorio Jurídico'. Edison fue ultimado por dos sicarios cuando se movilizaba en moto con su esposa, quien resulto herida con una bala en la clavícula.El asesinato se presentó a pocos metros de la vivienda de Molina, quien unos días antes (14 de agosto de 2013) había recibido una amenaza compuesta por una hoja de papel envuelta en una piedra con la que rompieron un ventanal de su oficina, en el papel estaba escrita una advertencía que decía 'Te quedas quieto o te desapareces enano ijueputa'. Dichas amenazas no fueron conocidas por la FLIP ni por su corresponsal en el Departamento quien no conocía a Molina, pues Molina llevaba recién 6 meses aproximadamente con el programa. Sin embargo, Molina puso en conocimiento las amenazas en la Procuradoría Provincial, quien ofició a la Fiscalía. Según se conoció en la denuncia Molina ya venia recibiendo constantes amenazas por medios electrónicos y telefónicos. (Fotos del mensaje se pueden encontrar en Actuaciones FLIP).La Fiscalía y la Procuradoría al conocer la denuncia enviaron al Comandante de la Policía del Departamento Andrés Julian Flórez Arias una solicitud de protección hacia Molina, con fecha de 15 de agosto , la cual fue desacatada por el Comandante Flórez.Con respecto a la trayectoria de Molina, cabe resaltar que era reconocido como el máximo contradictor abierto del Alcalde, siendo el líder de un grupo conocido con 'Los Enanos', forma en la que el alcalde Robinson Baena. Ademas de su perfil como abogado, Molina también presenta un perfil político pues se había desempeñado anteriormente como secretario de deportes y de salud en Puerto Berrío. Ademas, había sido participe de una consulta interna en el Partido Verde para presentarse como alcalde en la actual contienda, sin embargo su nombre no fue elegido dentro de la consulta.Según la documentación que obtuvo la FLIP, Molina tenía mas de 63 denuncias documentadas y soportadas en contra del Alcalde Robinson Baena, quien venía realizando varías afirmaciones complicadas en contra del grupo que el llama 'Los enanos', en las cuales se dejaban entrever amenazas en contra de Molina.Familiares y conocidos de Molina, coinciden en señalar al Alcalde como la persona que orquestó el asesinato. Al igual que se le señaló por muchas personas que participaron en una marcha al día siguiente del asesinato en el que se repudió el asesinato. Sin embargo el alcalde ofreció una recompensa de 20 millones de pesos por información que pueda ayudar con la captura de las personas que están relacionadas con el asesinato y a su vez dío a conocer un retrato hablado de la persona que supuestamente fue el sicario. Dicho retrato sorprende pues según la esposa de Molina, los individuos todo el tiempo estuvieron con el casco de moto puesto.________________________* La FLIP pocos días después del asesinato se dirigió a Puerto Berrio para documentar mejor el caso, comunicarse con unas fuentes primarias y recolectar información sobre el trabajo y las denuncias de Edison.* En Actuaciones FLIP se puede encontrar documentación del caso.Luz Marina (esposa/viuda Edinson Molina) 3135180777Guillermo León Tabarez (Hermano Edinson Molina) 3117718317Benjamin Pelayo <96> Corresponsal Teleantioquia 3125749480 -Leonardo, amigo Edinson e Integrante de los Enanos, 3155303454Victor, amigo Edinson Integrante Enanos, 3122087760Jhon Vargas, director Emisora la Ribereña, 3128666167Orlando Gonzalez, director -dueño- Emisora Puerto Berrio, 31477126053116075044 Celular del EVER ROBINSON VERGARA, Secretario de Gobierno.Alcalde ROBINSON ALBERTO BAENA ZULUAGA es 3218015602 // el Conmutador de la Alcaldía es 8332120 y 8332608_______________________________________ Confidencial FLIP: Según conoció la FLIP el comandante de la Policía había insinuado que no le otorgaba la protección que habían ordenado la Fiscalia y Procuraduria al periodista porque según el las amenazas eran falsas y se trataban de auto amenazas. Ademas se conoce que al parecer existen varías irregularidades al interior del Departamento de Policía,Al igual que el guardaespaldas del alcalde es un paramilitar desmovilizado y que días antes del asesinato le había insinuado a los 'Enanos' que 'asi van a terminar todos ustedes, 50 metros bajo tierra'",Político,Asesinato,Antioquia,Hombre,Periodista,Edison Alberto,Molina,NA
5006g00000lyMEVAA2,2003-04-06,Cerrado,"Hallados los cuerpos sin vida de José Emeterio Rivas, Pablo Emilio Montesino, Edwin Ariel Gutiérrez, Oscar Camargo Serrano y Gloria Elcy Manclarez Vallejo.Había sido amenazado por paramilitares con los que pretendía entrevistarse. Hizo denuncias de corrupción administrativa.",NA,Asesinato,Santander,Hombre,Otro,José Emeterio,Rivas Rivas,NA
5006g00000ondviAAA,2003-03-18,Cerrado,NA,Paramilitares,Asesinato,Arauca,Hombre,Otro,Luis Eduardo Alfonso,Parada,NA
5006g00000lyOZDAA2,1991-12-01,Cerrado,Condenados dos soldados del Ejército Nacional como autores materiales.,Fuerza Pública,Asesinato,Arauca,Hombre,Otro,Nestor Henry,Rojas Monje,NA
5006g00000lyMJyAAM,2019-05-09,Cerrado,"El 9 de mayo del 2019, fue asesinado en horas de la tarde en el municipio de Arauquita Mauricio Lezama, Consejero Departamental de Cine de Arauca. Diversas fuentes señalaron que Lezama se encontraba en el municipio adelantando la producción de una corto cinematográfico sobre la vida de una lidereza social víctima del conflicto.Según información recibida por la FLIP, cuando los hechos ocurrieron, Lezama estaba departiendo en un comercio local con el camarógrafo Ricardo Llain cuando dos hombres que se desplazaban en una moto se acercaron y les dispararon. Tras el ataque, Lezama perdió la vida y Llain resultó herido.De acuerdo con varios medios de comunicación, el gobernador de Arauca manifestó versiones según las cuales se decía que Lezama era un informante. La FLIP se encuentra documentando los hechos.",Desconocido,Asesinato,Arauca,Hombre,Otro,Mauricio,Lezama,NA
5006g00000lyOiiAAE,1995-08-01,Cerrado,Guerrilleros del ELN lo señalaron de ser auxiliador de los paramilitares.,Guerrilla,Asesinato,Arauca,Hombre,Otro,Iván Darío,Pelayo,NA
5006g00000lyOoIAAU,1993-12-01,Cerrado,ELN.,Guerrilla,Asesinato,Arauca,Hombre,Otro,Danilo Alfonso,Baquero Sarmiento,NA
5006g00000lyOQMAA2,1996-01-01,Cerrado,FARC.,Guerrilla,Asesinato,Arauca,Hombre,Otro,Alfredo Antonio,Matiz,NA
5006g00000lyOMjAAM,1979-06-01,Cerrado,NA,Desconocido,Asesinato,Atlántico,Hombre,Otro,Carlos,Castillo Monterrosa,NA
5006g00000lyOcHAAU,1993-04-01,Cerrado,"Por denuncias de corrupción. Hubo serios indicios de que el crimen fue ordenado por el alcalde Bernardo Hoyos, pero nunca fue vinculado a la investigación.",Funcionario Público,Asesinato,Atlántico,Hombre,Otro,Carlos,Lajud Catalán,NA
5006g00000lyMKJAA2,1999-09-16,Cerrado,"Guzmán Quintero Torres, jefe de redacción del diario valduparense El Pilón, fue asesinado el 16 de septiembre de 1999. El asesinato de Guzmán Quintero se enmarca en el una época en la que los grupos paramilitares ejercían el dominio de la costa atlántica del país. En 1995, cuando se desempeñaba como corresponsal del diario El Heraldo de Barranquilla, fue amenazado por la publicación de una historia en la que ponía al descubierto cómo surgió el grupo paramilitar ‘Los hijos de la Sierra’ en la Serranía del Perijá en la frontera con Venezuela. De acuerdo con las versiones que circulan entre sus familiares y colegas, quienes podrían tener mayor interés por silenciarlo serían miembros del Ejército debido a las múltiples historias que les dedicó Quintero y en las que denunció ejecuciones extrajudiciales realizadas por miembros de la fuerza pública. Su voz era una de las pocas que realizaba investigación y denuncia en el Cesar en medio de una de las épocas más convulsionadas que experimentó el país ya que se empezaron a conocer las alianzas que se tejían entre grupos paramilitares y las fuerzas del Estado. Con él, murió uno de los defensores de la libertad de prensa en Valledupar: en 1998 fue asesinada la también periodista Amparo Jiménez por lo que Quintero se volcó a investigar los hechos y requería informes sobre los avances del proceso para presentarlos en el Círculo de Periodistas del departamento. La Fiscalía adelanta investigaciones ante la posible relación de paramilitares con miembros del Batallón La Popa, perteneciente a la Brigada X del Ejército, para perpetrar el crimen.",Paramilitares,Asesinato,Cesar,Hombre,Otro,Guzmán,Quintero Torres,No
5006g00000lyOqXAAU,1989-03-01,Cerrado,Hace parte de la persecución del Cartel de Medellín a periodistas y personal administrativo de El Espectador.,Narcotraficantes,Asesinato,Bogotá,Hombre,Otro,Héctor,Giraldo Gálvez,NA
5006g00000lyOXxAAM,1984-09-01,Cerrado,NA,Desconocido,Asesinato,Bogotá,Hombre,Otro,Cristian,Martínez Sarria,NA
5006g00000lyOUkAAM,1990-12-01,Cerrado,Había recibido amenazas anteriormente.,Narcotraficantes,Asesinato,Bogotá,Hombre,Otro,Duvardo,Piedrahita Cardona,NA
5006g00000lyOrnAAE,1989-11-01,Cerrado,Atribuido al Cartel de Medellín.,Narcotraficantes,Asesinato,Bogotá,Hombre,Otro,Jorge Enrique,Pulido,NA
5006g00000lyOkAAAU,1991-01-01,Cerrado,"Había sido secuestrada con cinco periodistas más (Ver: 'Grupo de periodistas Secuestro 1990', Rad. 528). Falleció en el operativo de rescate.",Narcotraficantes,Asesinato,Bogotá,Mujer,Otro,Diana,Turbay Quintero,NA
5006g00000lyOioAAE,2006-08-01,Cerrado,NA,Desconocido,Asesinato,Bolívar,Hombre,Otro,Atilano Segundo,Pérez Barrios,NA
5006g00000lyOYuAAM,1993-08-01,Cerrado,Autor: Banda delincuencial.,Particular,Asesinato,Bolívar,Hombre,Reportero gráfico,Nelson,De la Rosa Toscano,NA
5006g00000lyOjUAAU,2005-02-01,Cerrado,NA,Paramilitares,Asesinato,Bolívar,Hombre,Otro,Rafael Enrique,Prins,NA
5006g00000lyOXJAA2,1986-11-01,Cerrado,NA,Desconocido,Asesinato,Caldas,Hombre,Otro,Luis Eduardo,Muñoz Cifuentes,NA
5006g00000lyOdYAAU,1979-02-01,Cerrado,NA,Funcionario Público,Asesinato,Caldas,Hombre,Otro,Silvio Emilio,Quiñonez,NA
5006g00000lyOfrAAE,1980-05-01,Cerrado,NA,Desconocido,Asesinato,Caldas,Hombre,Otro,José Jesús,Valencia Castro,NA
5006g00000lyOVCAA2,2015-02-14,Cerrado,"Luis Peralta, periodista de 63 años de edad, fue asesinado el 14 de febrero de 2015, a las 5:30 de la tarde en el andén de su casa, el mismo lugar donde operaba la emisora comercial Linda Estéreo. El homicidio ocurrió en el municipio de Doncello, al norte del departamento del Caquetá y a una hora y media de distancia de Florencia. En el momento del atentado, Luis se encontraba con su esposa, quien resultó herida, por lo que fue trasladada a un hospital de Florencia, donde se encuentra estable.Días atrás, Peralta le había contado a sus compañero y locutor de la emisora que los habían amenazado, aunque no le dio mayores detalles, ni denunció las amenazas ante las autoridades.Peralta era reconocido por hacer un periodismo de denuncia y su voz era escuchada en cinco municipios del norte del departamento. Recientemente habían tratado temas de extracción de petróleo y corrupción administrativa, concretamente sobrecostos en la adquisición de vehículos compactadores. También eran insistentes con los escándalos de corrupción en las empresas públicas.En agosto de 2010, la Fundación para la Libertad de Prensa (FLIP) documentó que la Policía desactivó un explosivo dejado frente a las instalaciones de la emisora. La carga, con 25 kg de anfo, fue encontrada por una funcionaria del medio, quien horas antes de la primera emisión se percató de la presencia de una caneca con arena de la cual salían varios cables. El explosivo estaba programado para ser detonada a través de un teléfono celular. Ayer, viernes 13 de febrero, Luis Peralta hizo oficial su candidatura para la campaña a la Alcaldía. Era la primera vez que Peralta aspiraba a un cargo de elección popular y nunca había ocupado cargos públicos. En su larga trayectoria como periodista fundó distintos medios y fue un referente de periodismo en todo el departamento.",Funcionario Público,Asesinato,Caquetá,Hombre,Periodista,Luis Antonio,Peralta,NA
5006g00000lyOk8AAE,1991-01-01,Cerrado,ELN.,Guerrilla,Asesinato,Cauca,Hombre,Otro,Miguel,Burbano Muñoz,NA
5006g00000lyOhSAAU,2010-10-14,Cerrado,"El periodista también era líder del cabildo indígena, por lo que no hay certeza de que se trate de razones de oficio, sin embargo, se incluye hasta no tener información más contundente que permita descartarlo.El pasado 14 de octubre de 2010, en zona rural de Caloto (Cauca) fue asesinado el comunicador y líder indígena Rodolfo Maya Aricape. Dos hombres irrumpieron en su casa cuando se encontraba con su esposa y su hija de siete años y le dispararon en varias oportunidades. Maya era secretario del cabildo de López Adentro y trabajaba en la radio Payumat, donde daba a conocer las condiciones de su comunidad. Rodolfo tenía la doble condición de líder indígena y activista de la comunidad a través de la radio. Era miembro de la Escuela de Comunicaciones del Tejido de Comunicaciones de la Acín.",Paramilitares,Asesinato,Cauca,Hombre,Otro,Rodolfo,Maya Aricape,NA
5006g00000lyOrNAAU,1991-05-01,Cerrado,Asesinado junto con su colega Carlos Julio Rodríguez (610). Resultó herida la locutora Judith Aristizabal (612).,Guerrilla,Asesinato,Caquetá,Hombre,Camarógrafo,José Libardo,Méndez,NA
5006g00000lyOpKAAU,1987-07-01,Cerrado,Hace parte de la persecución del Cartel de Medellín a periodistas y personal administrativo de El Espectador.,Narcotraficantes,Asesinato,Caquetá,Hombre,Otro,Fernando,Bahamón Molina,NA
5006g00000lyOrPAAU,1991-05-01,Cerrado,Asesinado junto con su colega José Libardo Méndez (611). Resultó herida la locutora Judith Aristizabal (612).,Guerrilla,Asesinato,Caquetá,Hombre,Otro,Carlos Julio,Rodríguez,NA
5006g00000lyOKQAA2,2009-04-24,Cerrado,"Asesinato del periodista José Everardo Aguilar, corresponsal de 'Radio Súper' y periodista de 'Bolívar Estéreo' en el municipio de Patía, departamento del Cauca, al sur occidente del país. El crimen se produjo hacia las siete de la noche en la propia residencia del periodista. El sicario, de unos 50 años, se presentó como un mensajero que iba a entregarle unas fotografías y documentos, razón por la cual Aguilar lo dejó pasar. 'Por eso mi papá le contestó 'mostrame las fotos que traes', entonces el tipo se le acercó y ahí fue cuando le disparó (en seis oportunidades) y salió caminando como si nada', Aguilar hacía un programa donde abordaba temas de la política local y hacía denuncias constantes de corrupción en la administración municipal y departamental por eso se está bastante seguros que su asesinato se debe precisamente a su labor periodística. Es el primero caso en Colombia, registrado por la FLIP, luego de 20 meses.",Desconocido,Asesinato,Cauca,Hombre,Otro,José Everardo,Aguilar,NA
5006g00000lyOsrAAE,1993-09-01,Cerrado,Realizaba denuncias en un programa radial comunitario.,Desconocido,Asesinato,Cauca,Hombre,Otro,Manuel José,Martínez Espinosa,NA
5006g00000lyOZQAA2,2004-02-01,Cerrado,"Juancho Prada, perteneciente al Frente Julio Cesar Peinado de las A.U.C. del Sur del Cesar, asesinó a La Rotta durante su salida de la emisora.",Desconocido,Asesinato,Cesar,Hombre,Otro,Martín,La Rotta Duarte,NA
5006g00000lyOj1AAE,1998-08-11,Cerrado,"Luego de llevar a su hijo al colegio, estacionó el automóvil cerca de su vivienda, allí la esperaba un sicario quien le disparó. Actividades comunitarias o cívicas en defensa del desalojamiento de varias familias.Vengo a pedir perdón en nombre del Estado a la familia de la periodista Amparo Leonor Jiménez Payares', dijo el director administrativo del Inpec, Hebert Artunduaga, quien le extendió las palabras a toda la familia de la comunicadora. Lo anterior, según sentencia judicial de última instancia, proferida por el Consejo de Estado, al hallar responsable del vil asesinato de la comunicadora social, a Libardo Prado Bayona, un interno de la cárcel 'Rodrigo de Bastidas' de Santa Marta, quien para la época del asesinato, 11 de agosto del año 1998, debería estar privado de la libertad en el centro carcelario donde cumplía una condenada privativa de 20 años y diez meses, pero de manera errónea, fue dejado libre. (Comunicado de prensa Alcaldía de VAlledupar feb 2012)",Paramilitares,Asesinato,Cesar,Mujer,Otro,Amparo,Jiménez Payares,NA
5006g00000lyOQWAA2,2007-01-01,Cerrado,NA,Desconocido,Asesinato,Chocó,Hombre,Otro,Elacio,Murillo Mosquera,NA
5006g00000lyOrpAAE,1995-11-01,Cerrado,Por una investigación que comprometía a militares de la región.,Desconocido,Asesinato,Córdoba,Hombre,Otro,Gabriel,Cruz Díaz,NA
5006g00000lyOmgAAE,1988-11-01,Cerrado,NA,Paramilitares,Asesinato,Córdoba,Hombre,Otro,Oswaldo Regino,Pérez,NA
5006g00000lyObtAAE,1989-10-01,Cerrado,Cartel de Medellín.,Narcotraficantes,Asesinato,Córdoba,Hombre,Otro,William,Bendeck Olivella,NA
5006g00000lyONOAA2,2010-03-19,Cerrado,"Fue asesinado el periodista Clodomiro Castilla Ospino, director y propietario de la revista El Pulso del Tiempo, y periodista de la emisora La Voz de Montería, en la ciudad de Montería, Córdoba. El comunicador hacía constantes denuncias sobre corrupción y paramilitarismo en el departamento. Las autoridades investigan los hechos. El homicidio tuvo lugar hacia las 9:00 de la noche cuando dos desconocidos llegaron a la residencia del periodista, uno de los hombres se acercó a Castilla, quien se encontraba leyendo en la terraza de su casa, y le disparó en ocho oportunidades. El sicario y su cómplice huyeron en una motocicleta.",Desconocido,Asesinato,Córdoba,Hombre,Otro,Clodomiro Segundo,Castilla Ospino,NA
5006g00000lyObZAAU,1992-11-01,Cerrado,Autor: Presuntos guerrilleros de un grupo sin identificar.,Guerrilla,Asesinato,Córdoba,Hombre,Otro,José Domingo,Cortés Soto,NA
5006g00000lyOqmAAE,2006-03-01,Cerrado,El periodista fue baleado el 4 de febrero de 2006 pero su muerte se produjo hasta el 17 de marzo.,Paramilitares,Asesinato,Córdoba,Hombre,Otro,Gustavo,Rojas Gabalo,NA
5006g00000lyOn5AAE,1996-10-01,Cerrado,Delincuencia común.,Particular,Asesinato,Cundinamarca,Hombre,Otro,Norvey,Díaz Cardona,NA
5006g00000lyOsGAAU,1980-10-01,Cerrado,NA,Narcotraficantes,Asesinato,La Guajira,Hombre,Otro,Libardo,Gil Ceballos,NA
5006g00000lyOc9AAE,1991-09-01,Cerrado,"El homicidio correponde a una persecución política, no está relacionado con razones de oficio.",Desconocido,Asesinato,Magdalena,Hombre,Otro,Rodrigo,Ahumada Bado,NA
5006g00000lyOsuAAE,2004-09-01,Cerrado,NA,Paramilitares,Asesinato,Magdalena,Hombre,Otro,Jaime Alberto,Madero Muñoz,NA
5006g00000lyOlPAAU,1988-03-01,Cerrado,NA,Desconocido,Asesinato,Magdalena,Hombre,Otro,Álvaro,Rojas Bustamante,NA
5006g00000lyOn4AAE,1991-10-01,Cerrado,NA,Desconocido,Asesinato,Magdalena,Hombre,Otro,Rafael Antonio,Solano Brochero,NA
5006g00000lyOcAAAU,1991-09-01,Cerrado,NA,Desconocido,Asesinato,Meta,Hombre,Otro,Arsenio,Hoyos Lozano,NA
5006g00000lyNuDAAU,2019-06-11,Cerrado,"El 11 de junio de 2019 fue asesinado en el municipio de Samaniego (Nariño) el periodista José Libardo Montenegro, integrante de la emisora comunitaria Samaniego Estéreo. Según la gobernación de Nariño, un reporte de la fuerza pública señala que el asesinato fue cometido en horas de la noche por dos sicarios que se desplazaban en moto.La FLIP se comunicó con Ricardo Álvarez, compañero de Libardo en Samaniego Estéreo. Los periodistas trabajaban juntos de lunes a viernes. Según Álvarez, Libardo presentaba varias secciones de la emisora: programa informativo El despertador, en la mañana; luego el magacín Café al día y un programa de dos a cuatro de tarde con música y cápsulas informativas. De acuerdo con Álvarez, Libardo publicaba información del municipio, centrándose en noticias municipales y departamentales.En la noche del asesinato, el periodista Leobar Ibarra Fernández, director del programa Nuestro Sur Televisión, informó que Libardo le había concedido una entrevista esa mañana. Según Ibarra, en la entrevista hablaron de un encuentro por la paz que éste estaba organizando para el viernes 14 de junio, por la defensa de la vida y los derechos humanos en Samaniego.Adicionalmente, según Giovanni Melo, coordinador de la Oficina Local de Paz de la Secretaría de Gobierno de Samaniego, no tienen reporte de amenazas en contra de Montenegro. Melo añadió que el contexto de seguridad del municipio es complejo y que han hecho varios llamados al gobierno nacional para que investigue e intervenga sobre esta situación.De acuerdo con Fundepaz, 15 defensores de DDHH han sido asesinados en lo corrido del año en Nariño. El 20 de mayo fue asesinada por dos sicarios en el mismo municipio Paula Andrea Rosero Ordóñez, personera del municipio. De acuerdo con el diario El Espectador, Rosero habría recibido amenazas luego de denunciar malos manejos en el hospital local. Por otro lado, según Caracol Radio, el mecánico Víctor Fernando Corrales fue asesinado horas antes del crimen contra Montenegro en el mismo municipio.La FLIP conoció un audio en el que el Coronel Jhon Peña, subcomandante de la Policía de Nariño, expresó que Libardo Montenegro se desempeñaba como locutor, en actividades de perifoneo en el municipio. Como se indicó anteriormente, la FLIP documentó que Montenegro era un periodista reconocido en el municipio con una larga trayectoria en medios de comunicación incluyendo la conducción de un programa informativo.",Desconocido,Asesinato,Nariño,Hombre,Periodista,Libardo,Montenegro,NA
5006g00000lyORkAAM,1993-03-01,Cerrado,ELN.,Guerrilla,Asesinato,Norte de Santander,Hombre,Otro,José Eustorgio,Colmenares Baptista,NA
5006g00000lyOVLAA2,1994-01-01,Cerrado,Por denuncias de corrupción y de la Policía.,Funcionario Público,Asesinato,Norte de Santander,Hombre,Otro,Jesús Antonio,Medina Parra,NA
5006g00000lyOVQAA2,2005-01-01,Cerrado,De camino al trabajo dos sujetos en una moto azul con blanca de 200 centímetros de cilindraje asesinan al periodista quien tenía a cargo el noticiero El Viento de 6 a 7 de la mañana en la emisora Radio Lemas de Colombia. Posible relación con el alcalde.,Desconocido,Asesinato,Norte de Santander,Hombre,Otro,Julio Hernando,Palacios Sánchez,NA
5006g00000lyOjRAAU,1977-02-01,Cerrado,NA,Desconocido,Asesinato,Norte de Santander,Hombre,Otro,Carlos,Ramírez París,NA
5006g00000lyOOtAAM,1991-04-01,Cerrado,Por denuncias de corrupción.,Desconocido,Asesinato,Norte de Santander,Mujer,Reportero gráfico,Antonio María,Ortiz Gómez,NA
5006g00000lyOKoAAM,1995-12-01,Cerrado,"Crimen ordenado por el ex senador Carlos Alberto Oviedo, a quien Acero denunciaba por narcotráfico. Oviedo también ordenó el asesinato del periodista Jairo Elias Márquez en 1997.",Político,Asesinato,Quindío,Hombre,Otro,Ernesto,Acero Cadena,NA
5006g00000lyOXLAA2,1997-11-01,Cerrado,"Crimen ordenado por el ex senador Carlos Alberto Oviedo, a quien Márquez denunciaba por narcotráfico. Oviedo también ordenó el asesinato del periodista Ernesto Acero, en 1995.",Político,Asesinato,Quindío,Hombre,Otro,Jairo Elías,Márquez Gallego,NA
5006g00000lyOnwAAE,1979-08-01,Cerrado,NA,Desconocido,Asesinato,Quindío,Hombre,Otro,Uriel,Ríos Tamayo,NA
5006g00000lyOfKAAU,1979-03-01,Cerrado,NA,Desconocido,Asesinato,Risaralda,Hombre,Otro,César Augusto,López Árias,NA
5006g00000lyOnxAAE,1984-08-01,Cerrado,NA,Desconocido,Asesinato,Risaralda,Hombre,Otro,Rodrigo María,Navia González,NA
5006g00000lyOUVAA2,1992-08-01,Cerrado,NA,Desconocido,Asesinato,Valle del Cauca,Hombre,Otro,John Félix,Tirado Castañeda,NA
5006g00000lyOdVAAU,1990-02-01,Cerrado,Al parecer fueron guerrillas.,Desconocido,Asesinato,Santander,Hombre,Otro,Cayetano,Domínguez,NA
5006g00000lyONTAA2,1992-05-01,Cerrado,Se cree que el crimen se debe a su militancia política.,Paramilitares,Asesinato,Santander,Hombre,Otro,Ismael,Jaimes Cortés,NA
5006g00000lyOK5AAM,1988-04-01,Cerrado,NA,Paramilitares,Asesinato,Santander,Hombre,Otro,Luis Daniel,Vera López,NA
5006g00000lyOdWAAU,1990-02-01,Cerrado,"Silvia Margarita Duzán Sáenz, periodista bogotana, fue asesinada el 26 de febrero de 1990 en Cimitarra (Santander) mientras realizaba un documental para el Canal 4 de Londres. Con ella fueron asesinados también otras tres personas, pertenecientes a la Asociación de Trabajadores Campesinos del Carare. - En diferentes análisis, tanto la Procuraduría como el CTI llegaron a la conclusión de que el asesinato pudo ser posible gracias a la alianza que existía entre los grupos paramilitares de la zona y miembros del Batallón General Rafael Reyes y del Noveno Distrito de Policía.",Paramilitares,Asesinato,Santander,Hombre,Otro,Silvia Margarita,Duzán Sáenz,NA
5006g00000lyOUOAA2,2012-04-28,Cerrado,Lo encontraron asesinado y las autoridades no lograron identificar si se debió a su profesión o por antecedents.,Desconocido,Asesinato,Santander,Hombre,Camarógrafo,Mario,Prado Díaz,NA
5006g00000lyOXzAAM,1984-09-01,Cerrado,NA,Funcionario Público,Asesinato,Sucre,Hombre,Otro,José Antonio,Dumet Acevedo,NA
5006g00000lyOXKAA2,1986-11-01,Cerrado,NA,Desconocido,Asesinato,Tolima,Hombre,Otro,Álvaro,Falla Tamayo,NA
5006g00000lyOPBAA2,1983-08-01,Cerrado,NA,Particular,Asesinato,Valle del Cauca,Hombre,Otro,Ramiro,Ariza Ariza,NA
5006g00000lyOXyAAM,1984-09-01,Cerrado,NA,Desconocido,Asesinato,Valle del Cauca,Hombre,Otro,Lides Renato,Batalla,NA
5006g00000lyOOXAA2,1989-09-01,Cerrado,Hace parte de la persecución del Cartel de Medellín a periodistas y personal administrativo de El Espectador.,Narcotraficantes,Asesinato,Valle del Cauca,Hombre,Otro,Guillermo,Gómez Murillo,NA
5006g00000lyOQ1AAM,1988-02-01,Cerrado,NA,Desconocido,Asesinato,Valle del Cauca,Hombre,Otro,Belisario,Zambrano Roa,NA
5006g00000lyOYTAA2,2013-09-28,Cerrado,"El sábado, 28 de septiembre, sobre las 8:00 am. Arenas, único voceador de prensa del diario 'EXTRA del Quindío' en el municipio de Caicedonia, comenzaba su jornada laboral y, con el entusiasmo que lo caracterizaba, transmitió los principales titulares de la región.Ése día la noticia principal tenía que ver con presuntas irregularidades en la cárcel de Caicedonia por parte del funcionarios del INPEC. Tras vender unos pocos ejemplares, Arenas fue abordado por sicarios que le dispararon en repetidas oportunidades. A la intranquilidad que genera el homicidio de José Darío Arenas se le suma una amenaza que poco después recibió una de las fuentes periodísticas que fueron consultadas para la elaboración de la noticia: una llamada en la que indicaron que 'ya había caído el primero'. Fuentes oficiales de la región, que pidieron el anonimato, confirmaron que una de las principales hipótesis contempla la nota periodística como el móvil del crimen. Tras el asesinato, se desconoce que sucedió con un buen número de ejemplares de la edición del diario EXTRA del sábado.En el árticulo que sacó el Extra, el cual se encuentra adjunto en actuaciones FLIP, el diario reportaba que se presentaban excesos por parte de los guardias del INPEC al momento del ingreso de las visitas de los familiares a los reclusos y ademas mencionaba el caso de una persona con limitación motriz que vende dulces y cigarrillos a las afueras del centro penitenciario quien ha sido victimas de amenazas y de maltratos físicos por parte de guardianes del INPEC.En conversación con Mauricio Osorio, periodista del Diario Extra de Quindio, quien era el que había adelantado la investigación por la que se creé que mataron a Arenas, le contó a la FLIP que arenas hacia las veces de corresponsal del diario en ese Municipio, ya que todas las notas judiciales que salieron de Caicedonia incluyendo esta fueron ayudadas en la parte de la investigación por Arenas. Así que trabajaban de la mano los temas judiciales y no duda que la razón por la que lo mataron fue la investigación alrededor de las investigaciones del INPEC, ya que no solo distribuyo el periodico sino que ayudo con la información y las fuentes para la misma.Ademas Osorio comentó que esa noche iban a ir a Caicedonia el día del asesinato pero una fuente que tienen en ese municipio les indico 'ni se les ocurra bajar a Caicedonia y que ya habían dado la orden de no dejar circular más el periódico en Caicedonia'. Adicional mente, Osorio comentó a la FLIP que nadie ha querido reemplazar a Arenas por lo que hasta el momento no habían podido continuar con la circulación del periódico.________________En actuación FLIP se encuentra el comunicado de la FLIP y la noticia por la que se creé mataron a Arenas.Adriana patricia Morales, directora el extra: 313 8284742Johana, Amiga de Jose Dario (único contacto cercano): 320 6173944Comandante Teniente Pedro Payares 3128238562",Desconocido,Asesinato,Valle del Cauca,Hombre,Otro,José Darío,Arenas,NA
5006g00000lyOXwAAM,1979-09-01,Cerrado,NA,Desconocido,Asesinato,Valle del Cauca,Hombre,Otro,Álvaro,Soto Pineda,NA
5006g00000lyOLsAAM,1988-01-01,Cerrado,No se tiene suficiente información del caso.,Desconocido,Asesinato,Valle del Cauca,Hombre,Otro,Rodrigo,Vélez Toscano,NA
5006g00000lyOmFAAU,2011-05-03,Cerrado,El periodista fue asesinado el día mundial de la libertad de prensa. Fue abordado por varios sicarios quienes le propinaron seis disparos. Los hechos ocurrieron en el barrio Niza al sur de Cali.,Desconocido,Asesinato,Valle del Cauca,Hombre,Camarógrafo,Yesid,Marulanda Romero,NA
5006g00000onbZhAAI,1998-05-19,Cerrado,"Viajaba en un taxi cuando fue baleado junto al conductor del vehículo. Amenazado por parte del ELN y del Cartel de Cali. “Cuando mataron a Bernabé vinieron los investigadores. Se dice que fue asesinado por Julio César Ospina Chaparro, sicario que le dijo a María Ángela Laserna que su muerte fue producto de las noticias publicadas sobre narcotráfico y unos cultivos de droga y yo les dije lo que vi. Ellos dijeron que me llamarían a declarar. Nunca me llamaron”, recuerda Paula González, viuda de Bernabé Cortés, reportero del noticiero CVN, asesinado en Cali en 1998 (Apartes LIBRO 15 AÑOS FLIP por Andrés Morales). Ese 19 de mayo de 1998, Paula, que era consciente de los riesgos que corría su marido por el trabajo   que ejercía, vio a dos sujetos extraños rondando en una moto cerca a su casa. “Ese pálpito que uno tiene de que hay algo raro y los detallé –asegura–. Uno estaba en la moto. El otro, estaba al lado, bien puesto, de camisa de seda y mocasín. Ese estaba armado. Se le veía la falda de la camisa suelta y con algo grande metido”. Unos minutos después salió Bernabé de la casa en taxi y fue baleado a pocas cuadras. Paula no pudo contar su versión en la
investigación porque nunca la citaron. Se terminó condenando a un tal Julio César Ospina Chaparro como el sicario, aunque no se parecía a ninguno de los sospechosos que Paula vio aquella vez. Si Ospina Chaparro era el culpable, la familia nunca supo por qué lo hizo. ¿Acaso confesó? ¿Lo mató por algo que publicó en el noticiero o por razones personales? ¿Recibió alguna orden? Nada se sabe porque los familiares de Bernabé nunca pudieron ver el expediente. Todavía hay información que sugiere que otras personas, diferentes a Ospina Chaparro, estarían interesadas en la muerte del periodista. Según el libro La censura de Fuego, las amenazas y el asesinato tenían que ver con las FARC y no con el ELN.",Guerrilla,Asesinato,Valle del Cauca,Hombre,Otro,Bernabé,Cortés,NA
5006g00000lyOTjAAM,1986-09-01,Cerrado,Al parecer fue el Cartel de Cali.,Narcotraficantes,Asesinato,Valle del Cauca,Hombre,Otro,Raúl,Echavarría Barrentos,NA
5006g00000lyOPyAAM,1993-02-01,Cerrado,NA,Particular,Asesinato,Valle del Cauca,Hombre,Otro,Gerardo Didier,Gómez,NA
5006g00000lyOb8AAE,1994-05-01,Cerrado,Grabó imágenes de narcotraficantes.,Narcotraficantes,Asesinato,Valle del Cauca,Hombre,Otro,Abelardo,Marín Pinzón,NA
5006g00000lyOhaAAE,1983-09-01,Cerrado,NA,Funcionario Público,Asesinato,Valle del Cauca,Hombre,Otro,Alirio,Mora Beltrán,NA
5006g00000lyOSBAA2,1989-05-01,Cerrado,"Secuestrado, torturado y asesinado junto con su colega Adolfo Pérez Arosemena (507). El hecho se relaciona más con sus actividades sindicales.",Desconocido,Asesinato,Valle del Cauca,Hombre,Otro,Carlos Enrique,Morales Fernández,NA
5006g00000lyOTiAAM,1980-09-01,Cerrado,ELN.,Guerrilla,Asesinato,Valle del Cauca,Hombre,Otro,Luis,Palacio Iragorri,NA
5006g00000lyOSCAA2,1989-05-01,Cerrado,"Secuestrado, torturado y asesinado junto con su colega Carlos Enrique Morales (506). El hecho se relaciona más con sus actividades sindicales.",Desconocido,Asesinato,Valle del Cauca,Hombre,Otro,Adolfo,Pérez Arosemena,NA
5006g00000lyOY5AAM,2007-09-01,Cerrado,NA,Desconocido,Asesinato,Valle del Cauca,Hombre,Otro,Javier Darío,Arroyave,NA
5006g00000lyOLrAAM,1982-01-01,Cerrado,Fue asesinado por desconocidos,Desconocido,Asesinato,Valle del Cauca,Hombre,Otro,Carlos Ancízar,Gómez Zuluaga,NA
5006g00000lyOZPAA2,2004-02-01,Cerrado,NA,Desconocido,Asesinato,Valle del Cauca,Hombre,Otro,Óscar Alberto,Polanco Herrera,NA
5006g00000lyOp2AAE,1986-01-01,Cerrado,NA,Desconocido,Asesinato,Valle del Cauca,Hombre,Otro,Adolfo,León Rengifo,NA
5006g00000lyOmfAAE,1983-11-01,Cerrado,NA,Fuerza Pública,Asesinato,Valle del Cauca,Hombre,Otro,Mario,Pineda Arboleda,NA
5006g00000lyOKnAAM,1989-12-01,Cerrado,Se cree que fueron narcotraficantes.,Desconocido,Asesinato,Valle del Cauca,Hombre,Otro,José Wenceslao,Espejo,NA
5006g00000lyOb7AAE,1994-05-01,Cerrado,No estaba ejerciendo el periodismo.,Desconocido,Asesinato,Valle del Cauca,Hombre,Otro,Horacio,Yepes Lozano,NA
5006g00000lyOiuAAE,2006-08-01,Cerrado,NA,Narcotraficantes,Asesinato,Valle del Cauca,Hombre,Otro,Milton Fabián,Sánchez,NA
5006g00000lyOigAAE,1989-08-01,Cerrado,NA,Desconocido,Asesinato,Antioquia,Hombre,Otro,Gabriel,Caro Montoya,NA
5006g00000lyOU4AAM,1995-04-01,Cerrado,FARC. Por informaciones que defendían los derechos de los campesinos.,Guerrilla,Asesinato,Santander,Hombre,Otro,Gildardo,Ariza Olarte,NA
5006g00000lyNtzAAE,2018-04-13,Cerrado,"La Flip tuvo conocimiento que el 26 de marzo de 2018 Javier Ortega (periodista), Paul Rivas (fotógrafo) y Efraín Segarra (conductor) integrantes del periódico ecuatoriano El Comercio, fueron secuestrados en la provincia de Esmeraldas, frontera entre Ecuador y Colombia. Los periodistas se encontraban en esta zona de Ecuador para cubrir la situación de violencia que vivía últimamente esta región. Los periodistas fueron secuestrados por la disidencia de las FARC, Frente Oliver Sinisterra, que opera en el departamento de Nariño y se encuentra al mando del ecuatoriano Walter Arisala, alias 'Guacho'. En la tarde del 12 de abril de 2018 la FLIP recibió de parte de Noticias RCN 3 fotografías en las que aparecían los cuerpos de los tres trabajadores de El Comercio secuestrados. La Fundación las entregó al gobierno colombiano. Por su parte, Fundamedios informó al Estado ecuatoriano sobre lo sucedido. Ese mismo día, en la mañana, la CIDH otorgó medidas cautelares a favor de los tres periodistas.",Bandas Criminales,Asesinato,Nariño,Hombre,Otro,Efraín,Segarra,NA
5006g00000lyOhvAAE,2015-09-10,Cerrado,"El 10 de septiembre de 2015, cerca de las 11:30 de la mañana y en frente de la Emisora La Preferida en el barrio Cálamo de Pitalito Flor Alba fue asesinada. Dos hombres en una moto se le acercaron por detrás, uno le disparó dos veces en la cabeza. Las autoridades locales (Mayor Sierra, Coronel Morales y Teniente Duque) no tienen testigos de los hechos, pues los vecinos dijeron no haber visto nada, sin embargo, confían en que esta situación cambie. 3 hipótesis: 1. Presiones desde la campaña política de Miguel Rico, 2. 2. Cubrimiento de la noticia del asesinato en la calle de un perro Bull Terrier 3. Cubrimiento de unas fotografías de una banda delincuencial.",Bandas Criminales,Asesinato,Huila,Mujer,Periodista,Flor Alba,Nuñez,NA
5006g00000lyNu0AAE,2018-04-13,Cerrado,"La Flip tuvo conocimiento que el 26 de marzo de 2018 Javier Ortega (periodista), Paul Rivas (fotógrafo) y Efraín Segarra (conductor) integrantes del periódico ecuatoriano El Comercio, fueron secuestrados en la provincia de Esmeraldas, frontera entre Ecuador y Colombia. Los periodistas se encontraban en esta zona de Ecuador para cubrir la situación de violencia que vivía últimamente esta región. Los periodistas fueron secuestrados por la disidencia de las FARC, Frente Oliver Sinisterra, que opera en el departamento de Nariño y se encuentra al mando del ecuatoriano Walter Arisala, alias 'Guacho'. En la tarde del 12 de abril de 2018 la FLIP recibió de parte de Noticias RCN 3 fotografías en las que aparecían los cuerpos de los tres trabajadores de El Comercio secuestrados. La Fundación las entregó al gobierno colombiano. Por su parte, Fundamedios informó al Estado ecuatoriano sobre lo sucedido. Ese mismo día, en la mañana, la CIDH otorgó medidas cautelares a favor de los tres periodistas.",Bandas Criminales,Asesinato,Nariño,Hombre,Periodista,Javier,Ortega,NA
5006g00000lyOgmAAE,2012-11-01,Cerrado,"Datos de Contacto: Ya tiene registro pero se puede vincular como contacto también al señor vicepresidente del Colegio nacional de periodistas. Carlos Ramos Maldonado: (3004801193/ colegio.nacional.periodistas@hotmail.com) y al comandante Gutierrez de la Pol Sucre. Coman.desuc@policia.gov.coDescripción: El día 20 de Noviembre, el periodista Guillermo Quiroz subrió importantes golpes tras hechos confusos en la población de San Pedro Sucre. EL periodista se encontraba realizando el cubrimiento de una protesta para el medio NotiSaban, cuando los efectivos de la fuerza pública le solicitaron su identificación y la de su moto. Tras encontrar que el periodista no contaba con sus documentos, su moto fué inmovilizada, y en vista de la resistencia el periodista, éste también fue subido al camión de la policia, del cual caería posteriormente recibiendo importantes golpes que obligaron a que fuera desplazado a una clínica en COrozal, donde se encuentra en cuidados intensivos. Según los datos entregados por la familia y la corresponsal, el periodista aun conciente cuando llegó al hospital informó que cayó del camión tra ser empujado por efectivos de la policía. Por su parte la policia emitió un comunicado donde dice que tras una riña en el interior del camión, el periodista se lanzó del vehiculo. El día 28 de Noviembre Falleció el periodista",Fuerza Pública,Asesinato,Sucre,Hombre,Periodista,Guillermo,Quiroz,NA
5006g00000lyMXOAA2,2017-10-08,Cerrado,"Periodistas Afectados: Efigenia VásquezCorresponsal departamento: Sonia Godoy Afectación: Asesinato Medio: Renacer Kokonuko 90.7 FMHechos:Del 18 al 20 de octubre, una misión de la FLIP viajó al resguardo Kokonuko en Puracé, Cauca para conocer los hechos en los que fue asesinada la comunicadora indígena Efigenia Vásquez, quién trabajaba en la emisora Renacer Kokonuko 90.7 FM, el único medio de comunicación del municipio de Puracé.El 8 de octubre Efigenia de 31 años, se encontraba cubriendo y participando en una protesta en la que comuneros del pueblo indígena Kokonuko reclamaban la propiedad colectiva de un predio que está en poder de un actor privado, Diego Angulo, quien administra 'Aguas Tibias', un negocio turístico de termales ubicado al interior de las tierras en disputa.Ese día hacia las 4 de la tarde la comunidad bloqueó la entrada de 'aguas tibias' en donde se encontraba el ESMAD. Este reaccionó enfrentando a los manifestantes haciendo que se replegaran hacia la parte alta de la montaña, en territorio del resguardo. En ese operativo resultaron heridos 40 indígenas, según dijo a la FLIP Isneldo Avirama, gobernador del resguardo. Ahí también cayó herida Efigenia Vásquez.La FLIP pudo constatar -por medio de videos grabados ese día- que los miembros del ESMAD abandonaron el predio 'Aguas Tibias' y se enfrentaron a la comunidad en un territorio que hace parte del resguardo, por lo que la FLIP maneja la hipótesis que la comunicadora pudo haber muerto a causa de un 'proyectil de carga múltiple' accionado por un agente del ESMAD.El 25 de octubre la FLIP recibió una comunicación firmada por el comandante de Policía de Popayán, Coronel Pompy Arubal Pinzón, en la que se reitera lo expresado por el General Salamanca y agrega que: 'La señora en mención (refiriéndose a Vásquez) no se encontraba realizando labores como comunicadora social (...) por el contrario estaba participando activamente en las diferentes protestas indígenas'.La FLIP pudo constatar, a través de personas cercanas a la investigación que en este momento cursa en la Fiscalía, que los investigadores del caso están manejando tres hipótesis. La primera es que Efigenia muere a causa de un explosivo cargado por metralla lanzado por alguna de las dos partes. La segunda apunta a que fue herida por un proyectil disparado por un integrante del ESMAD. Y la tercera indica que Efigenia murió por una situación de 'fuego amigo', en la que manifestantes accidentalmente accionaron un explosivo que la hirió mortalmente.",Desconocido,Asesinato,Cauca,Mujer,Periodista,Efigenia,Vásquez,NA
5006g00000lyNu1AAE,2018-04-13,Cerrado,"La Flip tuvo conocimiento que el 26 de marzo de 2018 Javier Ortega (periodista), Paul Rivas (fotógrafo) y Efraín Segarra (conductor) integrantes del periódico ecuatoriano El Comercio, fueron secuestrados en la provincia de Esmeraldas, frontera entre Ecuador y Colombia. Los periodistas se encontraban en esta zona de Ecuador para cubrir la situación de violencia que vivía últimamente esta región. Los periodistas fueron secuestrados por la disidencia de las FARC, Frente Oliver Sinisterra, que opera en el departamento de Nariño y se encuentra al mando del ecuatoriano Walter Arisala, alias 'Guacho'. En la tarde del 12 de abril de 2018 la FLIP recibió de parte de Noticias RCN 3 fotografías en las que aparecían los cuerpos de los tres trabajadores de El Comercio secuestrados. La Fundación las entregó al gobierno colombiano. Por su parte, Fundamedios informó al Estado ecuatoriano sobre lo sucedido. Ese mismo día, en la mañana, la CIDH otorgó medidas cautelares a favor de los tres periodistas.",Bandas Criminales,Asesinato,Nariño,Hombre,Reportero gráfico,Paul,Rivas,NA
5006g00000lyNWOAA2,2022-10-16,Cerrado,"El periodista Rafael Emiro Moreno fue asesinado en la noche del 16 de octubre de 2022 en Montelíbano, Córdoba, por dos hombres que le dispararon cuando él estaba en un local de su propiedad. Moreno era el director del medio digital Voces de Córdoba, y tenía un amplio reconocimiento en la región por su labor como dirigente comunal y líder social. A pesar de que había recibido amenazas en el 2022 y existían solicitudes para reforzar su esquema de seguridad, la Unidad Nacional de Protección (UNP) no reforzó su esquema. El asesinato de Moreno sería el primero que ocurre bajo la protección del Estado. El periodista había sido víctima de amenazas desde el 2019 que estarían relacionadas con sus publicaciones y denuncias periodísticas sobre corrupción e información sobre grupos armados ilegales. Por estos hechos, Moreno tenía un esquema de protección asignado por la UNP que incluía un escolta, un botón de pánico y un chaleco antibalas. El 12 de julio de 2022 la FLIP informó de dos nuevas amenazas que recibió el periodista al Comité de Evaluación del Riesgo y Recomendación de Medidas –CERREM- de la UNP. A pesar de estos nuevos hechos y de que el periodista expresó la necesidad de un refuerzo de su esquema, la UNP decidió mantener las medidas que ya tenía. Rafael Moreno fue uno de los primeros periodistas que empezó a investigar sobre la corrupción en el sur de Córdoba. Su liderazgo periodístico inspiró a más colegas, desafió a los poderosos y a los violentos, y lo convirtió en una de las voces principales de su región. Por ejemplo, junto a otros colegas, Rafael conformó un equipo que investigaba para informar exactamente cuánto había costado una obra, cuánto tiempo tenía de retraso y quiénes estaban involucrados. Un ejemplo del periodismo que hacía Rafael es el seguimiento que hizo al estadio que él mismo nombró La eternidad, pues nunca se inauguró. ""Esta megaobra debió entregarse hace 2 años y a causa de la corrupción la plata se perdió"", contó en uno de sus reportajes de julio de 2021. Por otro lado, uno de sus colegas le dijo a la FLIP que ""los que roban hoy en el sur de Córdoba van a robar más tranquilos porque sabían que cuando ponían un contrato, Rafa lo iba a revisar en el SECOP y lo iba a investigar. Hoy yo no sé si va a haber alguien que lo haga"", cuenta uno de sus colegas de la región.",Desconocido,Asesinato,Córdoba,Hombre,Reportero,Rafael Emiro,Moreno,No
5006g00000lyMG5AAM,2020-08-13,Cerrado,"El 13 de agosto, el comunicador indígena recibió impactos de bala en el pecho y en el abdomen mientras cubría el proceso de ‘liberación de la madre tierra’ que adelantan los pueblos indígenas en la vereda El Barranco del municipio de Corinto, en el norte del Cauca. El ataque se presentó en medio del operativo que adelantaba el Ejército Nacional para desalojar a las comunidades indígenas de las haciendas Granadita y Gracia Arriba. Dos personas más de la comunidad resultaron heridas.",Fuerza Pública,Asesinato,Cauca,NA,Locutor,Abelardo,Liz,No
5006g00000lyMGRAA2,2021-09-10,Cerrado,"El domingo 19 de septiembre el periodista Marcos Montalvo fue asesinado en El Barrio la Esperanza, en el municipio de Tuluá, Valle Del Cauca. Montalvo era un periodista que en sus últimos años se dedicaba a trabajar de forma independiente. A través de dos páginas en Facebook hacía constantes denuncias sobre la gestión de la administración local y regional. En ese espacio también hablaba de la situación de seguridad del municipio y alertaba sobre asuntos de alto interés para la ciudadanía como los carteles de algunos alimentos como el cilantro y la cebolla. El trabajo del periodista era reconocido por diversos medios de comunicación y periodistas de la región, quienes refirieron que Montalvo era una figura respetada, que además, dedicó años de su vida a ser profesor de periodismo. En la misión que la FLIP realizó a Tuluá, días después del asesinato, se logró corroborar que la línea de investigación que se está manejando para encontrar a los responsables del asesinato, incluye el trabajo de denuncia y la figura de contrapoder que, desde el ejercicio periodístico, significaba Marcos para el municipio. En los diversos comunicados públicos hemos insistido desde la FLIP que es urgente realizar una investigación pronta y eficaz que permita esclarecer los determinadores del asesinato para evitar la impunidad en este caso y sentar un precedente para la investigación de los crímenes contra la prensa.",Desconocido,Asesinato,Valle del Cauca,NA,NA,MARCOS EFRAIN,MONTALVO ESCOBAR,No
5006g00000lyNRJAA2,2020-12-22,Cerrado,"Andrés Felipe Guevara era periodista del Q'hubo de Cali, y cubría principalmente los temas judiciales. El 21 de diciembre de 2020 atentaron contra su vida en las afueras de su casa en Cali, en el barrio Mariano Ramos. Recibió cuatro disparos y falleció al día siguiente. El día 06 de enero de 2020 se aprehendió a un menor de edad presuntamente responsable del homicidio, cuya audiencia de formulación de imputación de cargos se realizó el día 07 de enero de 2020. Se le imputaron los siguientes delitos: homicidio agravado y fabricación, tráfico y porte de armas de fuego o municiones.",Desconocido,Asesinato,Valle del Cauca,Hombre,NA,Andrés Felipe,Guevara,No
5006g00000lyNeEAAU,2015-02-14,Cerrado,"Luis Antonio Peralta Cuellar era un periodista de El Doncello, Caquetá. Su labor periodística se especializaba en denunciar hechos de corrupción política dentro del municipio a través de la Emisora Linda Estéreo, de la cual él era su director y propietario. Fue asesinado el 14 de febrero de 2015 en la entrada de la emisora por un sicario. Su esposa, Sofía Quintero, resultó gravemente herida en los hechos y fallecería meses después en una clínica de Neiva. El 14 de febrero de 2015 el periodista se encontraba con su esposa afuera de su emisora Linda Estereo en El Doncello, Caquetá. Alrededor de las 6 de la tarde de ese día llegaron dos personas en una moto y le dispararon a él y a su esposa. Actualmente hay dos procesos vigentes por el homicidio del periodista, uno dirigido a los autores materiales y otro para ubicar a los determinadores. La FLIP asumió la representación de las víctimas (los hijos de los señores peralta) pues el periodista realizaba un trabajo de denuncia de hechos de corrupción y violencia en la región por lo que el homicidio está relacionado con el desarrollo de su oficio periodístico. En este caso hay dos proceso penales en curso que se encuentran registrados en Salesforce como ""Acciones FLIP"" así: AF0262: Yean Arlex Buenaventura y AF_ 0261: Edna Lucía Narvaez. En el fallo de primera instancia, en el caso del señor Yean Arlex, el juzgado reconoció que la causa de la muerte, tuvo su origen en el ejercicio de su labor periodística. Se establece que el caso tiene similitudes con el caso del periodista Nelson Carvajal Carvajal, destacando que detrás de estos casos está un autor intelectual que difícilmente es identificado. En la sentencia de segunda instancia hubo un retroceso pues se desestimó que la labor periodística de Peralta tuvo algo que ver con el homicidio, como consecuencia de esto se redujo la pena establecida en la primera sentencia. La FLIP presentó recurso de casación que fue concedido el 12 de julio de 2021.",Otro,Asesinato,Caquetá,Hombre,Periodista,Luis Antonio,Peralta,No
5006g00000lyNX4AAM,2022-11-28,Cerrado,"La FLIP conoció que Wilder Córdoba fue asesinado en la tarde del 28 de noviembre en un puente de la vereda de La Unión, Nariño. Córdoba era reconocido por sus denuncias periodísticas y su importante labor de veeduría y liderazgo social. Distintas personas cercanas a Córdoba le confirmaron a la FLIP que horas antes de su asesinato el comunicador se desplazaba a entrevistar a una de sus fuentes. Córdoba era el director del canal de televisión comunitario TV Unión, en donde trabajaba como periodista desde hace más de 12 años. También difundía en sus redes sociales columnas y notas en donde denunciaba asuntos de orden público, del estado de las vías y obras que se realizaban en el municipio. La última noticia que publicó en su perfil de Facebook es el caso de un hombre que fue agredido con un arma blanca en La Unión. El trabajo de Córdoba incomodaba a ciertos sectores o personas, por eso en varias oportunidades él mismo dio a conocer las intimidaciones que recibía. Por ejemplo, tres días antes de su homicidio, el 25 de noviembre, el periodista recibió un mensaje que le decía que “quería opacar al alcalde” y que “a nadie le importa” las denuncias que realizaba. Esto ocurrió luego de que se publicara en TV Unión una nota periodística sobre la situación que enfrentaba un barrio del municipio por las lluvias y deslizamientos. También, el 26 de agosto de este año, Córdoba afirmó en sus redes que desde un perfil falso le habían dicho que su trabajo “le molestaba a los venteños”. Personas cercanas al comunicador afirman que además de esas intimidaciones, Córdoba habría recibido otras amenazas directas. La FLIP tuvo conocimiento de que en el municipio se realizó un consejo de seguridad la misma noche del homicidio el cuál continuó la mañana siguiente. Se adjunta en archivo un word con la documentación completa",Desconocido,Asesinato,Nariño,NA,NA,Wilder,Córdoba,No
5006g00000onUPdAAM,1938-10-10,Cerrado,"Galarza respaldó la decisión de uno de sus periodistas al publicar una nota en la que denunciaban el maltrato que el teniente Jesús María Cortés Poveda daba a la tropa. El teniente, en defensa del supuesto ""honor militar"", asesinó al periodista en su oficina. Diez años después, Jorge Eliécer Gaitán defendió al militar y, en la madrugada del mismo día del Bogotazo, logró su absolución ""con más oratoria que argumentos"", como analizaría el historiador y periodista Arturo Alape.",Paramilitares,Asesinato,Caldas,NA,NA,Eudoro,Galarza Ossa,NA
5006g00000onUcDAAU,1979-06-30,Cerrado,"Su área de trabajo era la farándula, razón por la cual muchos de sus artículos publicados lo llevaron a relacionarse con personas influyentes de los departamentos del Atlántico y La Guajira. Fue asesinado por dos sicarios. Tomó partido en una guerra familiar entre incipientes narcotraficantes o productores de marihuana (la guerra entre Valdeblánquez y Cárdenas).",NA,Asesinato,Atlántico,NA,NA,Carlos Ernesto,Castillo Monterrosa,NA
5006g00000onUq5AAE,1989-06-17,Cerrado,Fue asesinado por dos desconocidos en motocicleta que le dispararon cerca de la casa de sus familiares.,NA,Asesinato,Antioquia,NA,NA,Juan Gabriel,Caro Montoya,NA
5006g00000onUubAAE,1989-10-10,Cerrado,"Hace parte de la persecución del Cartel de Medellín a periodistas y personal administrativo de El Espectador. El grupo de jefes del Cartel de Medellín autodenominado Los Extraditables, había realizado una amenaza generalizada a todos los empleados del periódico, obligándolos a abandonar la ciudad. El asesinato de Soler se debió a represalias por su negativa de renunciar. Ese mismo día fue asesinada la gerente de publicidad del diario en esa ciudad, Martha Luz López.",NA,Asesinato,Antioquia,NA,NA,Miguel Arturo,Soler Leal,NA
5006g00000onbDaAAI,1997-02-02,Cerrado,"Al parecer, lo asesinaron por equivocación",Desconocido,Asesinato,NA,NA,NA,Santiago,Rodriguez Villalba,NA
5006g00000onbKkAAI,1997-03-18,Cerrado,Manejaba un taxi y fue secuestrado por tres sujetos el 17 de marzo. Su cadáver apareció con huellas de tortura y varios disparos. Fue amenazado por parte de la clase política de Bolívar.,NA,Asesinato,NA,NA,NA,Freddy,Elles Ahumada,NA
5006g00000onbOhAAI,1997-03-20,Cerrado,"Se dirigía a su vehículo tras una visita en un complejo de apartamentos, un sujeto se le acercó y le disparó. Denuncias de vínculos entre Fuerzas Armadas, clase dirigente del Valle del Cauca y narcotráfico. Realizaba críticas al gobierno de Ernesto Samper por financiamientos del narcotráfico.",NA,Asesinato,NA,NA,NA,Gerardo,Bedoya Borrero,NA
5006g00000onbRqAAI,1997-10-24,Cerrado,"Acribillado a balazos por desconocidos cuando recién regresaba a Colombia. Su existencia de periodista de crónica roja siempre estuvo marcado por el peligro. Sufrió dos atentados, uno de los cuales casi le cuesta la vida, lo que lo obligó a salir de Colombia y buscar refugio en Costa Rica. Según llegó a comentar al diario La Hora, Jaramillo cubrió información que tenía que ver con el narcotráfico y la guerrilla. Los periodistas de Pasto organizaron una enérgica protesta por su homicidio.",NA,Asesinato,NA,NA,NA,Alejandro,Jaramillo Barbosa,NA
5006g00000onbOiAAI,1997-11-08,Cerrado,"Baleado en su casa por desconocidos. Realizaba actividades comunitarias o cívicas en defensa de los campesinos. Había sido amenazado por paramilitares, advirtiéndole que cesara en la defensa de los campesinos en la región.",Paramilitares,Asesinato,Sucre,NA,NA,Francisco,Castro Menco,NA
5006g00000onbZgAAI,1998-02-22,Cerrado,"Forzado por desconocidos a subir en un taxi cuando estaba saliendo del periódico. Realizaba denuncias de narcotráfico. Periodista que se encargaba de investigar la “fiesta brava” y sus relaciones con el crimen y el narcotráfico. Poco antes de su muerte había encontrado pistas claras sobre cómo el toreo estaba contaminado por el narcotráfico, razón por la cual le había pedido a sus colegas que le ayudaran con contactos para poder entrevistarse con el Fiscal General de la Nación para entregarles estas pruebas. Finalmente fue asesinado cuando esperaba un taxi a la salida de El Espectador, con lo que se logró acallar sus futuras denuncias.",NA,Asesinato,Bogotá,NA,NA,Oscar,Garcia Calderón,NA
5006g00000onbdcAAA,1998-04-16,Cerrado,NA,NA,Asesinato,Huila,NA,NA,Nelson,Carvajal Carvajal,NA
5006g00000onbnDAAQ,1999-04-11,Cerrado,NA,NA,Asesinato,Magdalena,NA,NA,Hernando,Rangel Moreno,NA
5006g00000onbusAAA,1999-10-21,Cerrado,"Desconocidos ingresaron a su residencia, secuestrándolo. El cadáver fue encontrado en el corregimiento Rincón del Mar. Realizaba informaciones sobre el gobierno y la corrupción. Señalado como auxiliador de la guerrilla.",NA,Asesinato,Sucre,NA,NA,Rodolfo Julio,Torres,NA
5006g00000onc2IAAQ,1999-11-28,Cerrado,"Su cuerpo fue hallado a la orilla de una carretera en El Playón, al lado de su compañero de medio, Alberto Sánchez. Uno de los periodistas tenía un tiro en un ojo, al otro le dispararon diez veces en la cabeza. Grabaron una fiesta de un paramilitar.",Paramilitares,Asesinato,Santander,NA,NA,Luis Alberto,Rincón,NA
5006g00000onbobAAA,1999-07-13,Cerrado,NA,Paramilitares,Asesinato,Bogotá,NA,NA,Jaime Hernando,Garzón Forero,NA
5006g00000onc0HAAQ,1999-11-28,Cerrado,"Su cuerpo fue hallado a la orilla de una carretera en El Playón, al lado de su compañero de medio, Luis Alberto Rincón. Uno de los periodistas tenía un tiro en un ojo, al otro le dispararon diez veces en la cabeza. Grabaron una fiesta de un paramilitar.",Paramilitares,Asesinato,Santander,NA,NA,Alberto,Sanchez Tovar,NA
5006g00000onbocAAA,1999-12-03,Cerrado,"Asesinado en un retén de la guerrilla, estaba en la parte de atrás de una moto de un policía cuando se dirigía a cubrir la toma del municipio de Gigante.",Guerrilla,Asesinato,Huila,NA,NA,Pablo Emilio,Medina Motta,NA
5006g00000oncF7AAI,2000-03-05,Cerrado,"Reportada muerta como guerrillera. Se tienen dos hipótesis: Según el Ejército, la comunicadora fue asesinada por el ELN. Por otro lado, murió en un combate entre Ejército y el ELN. La Justicia Penal Militar adelanta investigación por este hecho. Realizaba la docencia e investigaciones.",Guerrilla,Asesinato,Antioquia,NA,NA,Maria Helena,Salinas Gallego,NA
5006g00000oncByAAI,2000-02-06,Cerrado,Fueron atacados junto a un cabecilla de la guerrilla del EPL mientras cubrían una nota sobre milicianos en Barranca.,Guerrilla,Asesinato,Santander,NA,NA,Fabio Leonardo,Restrepo,NA
5006g00000oncBzAAI,2000-03-06,Cerrado,Fueron atacados junto a un cabecilla de la guerrilla del EPL mientras cubrían una nota sobre milicianos en Barranca.,Guerrilla,Asesinato,Santander,NA,NA,John Jairo,Restrepo,NA
5006g00000oncg3AAA,2000-09-09,Cerrado,Secuestrado y asesinado por presuntos miembros de fuerzas paramilitares en San Luís. Tenía aspiraciones a ser concejal de esta localidad. Acusado de ser auxiliar de la guerrilla.,Paramilitares,Asesinato,Tolima,NA,NA,Carlos José,Restrepo Rocha,NA
5006g00000onceSAAQ,2000-11-30,Cerrado,"Fue asesinado en su propia casa por tres individuos que se filtraron en la misma, torturándolo para posteriormente degollarlo. Según CPJ, el crimen está relacionado con las FARC. Antes de dedicarse exclusivamente al periodismo, había sido el alcalde de Montañitas, un pueblo a las afueras de Florencia. Además había sido el director de la cárcel de Florencia. Durante su espacio radial había promovido intereses políticos a favor del Partido Conservador, razón por la cual se cree que fue torturado y posteriormente asesinado por las FARC. Según la policía de la región, el crimen no estuvo relacionado con su labor periodística.",Guerrilla,Asesinato,Caquetá,NA,NA,Guillermo,León Agudelo,NA
5006g00000onczAAAQ,2001-04-27,Cerrado,"Realizaba denuncias de corrupción y de incapacidad de la policía. Además, sostuvo una entrevista con un comandante de las FARC sobre los enfrentamientos con las Autodefensas Unidas de Colombia en el corregimiento de Llorente.",Desconocido,Asesinato,Nariño,NA,NA,Flavio Iván,Bedoya Sarria,NA
5006g00000oncg4AAA,2000-10-31,Cerrado,"Fue convocado a una reunión por paramilitares derechistas que al parecer estaban furiosos por sus agudas críticas a la administración local. El hermano de Restrepo Guerra lo condujo en moto al lugar del encuentro. Los paramilitares le dispararon mortalmente a Restrepo Guerra frente a su hermano, quien desde entonces se niega a testificar y permanece escondido.",Paramilitares,Asesinato,Antioquia,NA,NA,Juan Camilo,Restrepo Guerra,NA
5006g00000oncmfAAA,2000-11-15,Cerrado,"Fue asesinado en plena plaza de mercado del pueblo. Amenazado por sus informes periodísticos, en especial aquellos relacionados con el incremento de muertes y asaltos en el área rural de Pivijay, de los que responsabilizaba a grupos armados al margen de la ley.",Desconocido,Asesinato,Magdalena,NA,NA,Gustavo,Ruiz Cantillo,NA
5006g00000onca6AAA,2000-12-13,Cerrado,"También era docente. Fue atacado cuando salía de su residencia para iniciar sus trabajos periodísticos en la emisora radial de Florencia. En un espacio emitido los miércoles, en el que se le daba la oportunidad de opinar a la ciudadanía, puso como tema de discusión si el gobierno debía prorrogar o no el plazo sobre las negociaciones en la zona de despeje, consulta en la que se obtuvo más del 90 por ciento de negativa por parte de los participantes en el tema. Fue el segundo periodista asesinado en Florencia en dos semanas.",Guerrilla,Asesinato,Caquetá,NA,NA,Alfredo,Abad López,NA
5006g00000oncnoAAA,2001-05-17,Cerrado,"Un grupo de campesinos dieron aviso a las autoridades sobre el hallazgo del cuerpo en una finca de la vereda de San Lorenzo, zona rural del municipio de Güepsa. Realizaba denuncias de los atropellos de las FARC en la zona de Güepsa.",Guerrilla,Asesinato,Santander,NA,NA,Edgar,Tavera Gaona,NA
5006g00000onct4AAA,2001-06-27,Cerrado,"Las autoridades municipales encontraron su cuerpo, con dos tiros en la cabeza, en la vía que conduce a la inspección de policía de Gaitania. Sobre su pecho había un letrero que decía “por sapo y torcido”. Fue sacado de su casa por milicianos de las FARC, quienes lo asesinaron. Realizaba actividades comunitarias y cívicas. Era director de la Emisora Comunitaria Planadas Estéreo. El crimen está relacionado con las FARC. Parra siempre se caracterizó por su vocación de servicio, lo cual se ve reflejado en el hecho de que haya sido socorrista voluntario de la Cruz Roja y que haya llegado a ser el coordinador de la Unidad Operativa de la misma entidad. Planadas Estéreo fue el cuerpo que tomó su sueño de darle a ese municipio un canal de expresión. Además en su emisora se impartía un curso de bachillerato a distancia por radio. La emisora funcionaba desde su casa, lugar de donde fue sacado por tres desconocidos. Su cuerpo, horas después, apareció con señales de tortura y asfixia. Existen diversas versiones entre las que se cree que la guerrilla creía que Parra era un auxiliador del Ejército y otra en que los insurgentes creían que lo era de los paramilitares.",Guerrilla,Asesinato,Tolima,NA,NA,Pablo Emilio,Parra Castañeda,NA
5006g00000ondKXAAY,2001-12-23,Cerrado,"Realizaba denuncias de corrupción al interior del sistema de salud del departamento y otras decisiones de la administración local. Escobar reemplazó como director del periódico Región al también asesinado Hernando Rangel Moreno, a quien habían matado el 11 de abril de 1999, dos años y 8  meses antes. Fundador del Semanario Región. En una época de incremento total de violencia y arbitrariedad, Escobar fue el único que mantuvo la independencia de su opinión y con gran valor trató de cubrir las noticias políticas que afectaban a las personas más poderosas de la región, lo más
apegado a la realidad posible. Razón que no solo lo llevó a su muerte, sino que le obligó a poner dinero de su capital para mantener vivo el semanario, ya que por temor todos los auspiciadores le quitaron la pauta. Escobar quiso continuar con la función y el estilo incisivo de su cronista político (Hernando Rangel Romero), asesinado dos años antes presuntamente también por cuestionar las actuaciones de los políticos tradicionales de su región. Como autor material de su asesinato se vinculó al ex integrante de autodefensas Édgar Ariel Córdoba Trujillo.",NA,Asesinato,Magdalena,NA,NA,Álvaro Alonso,Escobar,NA
5006g00000ond8cAAA,2001-07-04,Cerrado,"Un desconocido ingresó a las instalaciones y le disparó en tres ocasiones. El ex-jefe paramilitar Elkin argumentó que su homicidio ocurrió porque   Memo Pequeño se lo ordenó, por ser un supuesto colaborador de la guerrilla y a eso obedecían sus viajes constantes entre Fresno, Palocabildo y Falán. El ex comandante paramilitar negó que esta muerte tuviera relación con el trabajo de Arias Henao como periodista, pero este argumento fue desmentido por el hermano de la víctima, quien dijo que era perseguido por hacer oposición a las autodefensas. Realizaba informaciones sobre corrupción.",Paramilitares,Asesinato,Tolima,NA,NA,Arquímedes,Arias Henao,NA
5006g00000ondDCAAY,2001-07-08,Cerrado,"Asesinado por dos individuos que huyeron en una motocicleta y dos cómplices que escaparon a bordo de una lancha rápida. El hecho sucedió cuando departía con sus amigos en el parque Néstor Urbano Tenorio del principal puerto en el Pacífico colombiano. Realizaba denuncias contra la delincuencia y el incremento de expendedores de drogas precisamente en el parque donde fue asesinado. Venía realizando constantes denuncias contra la pandilla Los Tumbapuertas, quienes, con consentimiento de la policía, se habían tomado el parque principal de Buenaventura para expender drogas y organizar sus actividades delincuenciales. Dicho parque precisamente llevaba el nombre del padre de Urbano, ya que su familia había donado el dinero para su construcción y su mantenimiento. A partir de dichas denuncias las amenazas se hacían cada vez más constantes, así
como sus críticas a la pandilla y a la Policía por omitir en este caso. Por la época de la muerte de Urbano, aproximadamente diez periodistas del puerto tuvieron que exiliarse.",Bandas Criminales,Asesinato,Valle del Cauca,NA,NA,"Jorge ""José"" Enrique",Urbano Sanchez,NA
5006g00000ondGVAAY,2001-07-16,Cerrado,"Fue acribillado a tiros por desconocidos en una calle del municipio de San Pablo, cuando se dirigía a su casa en compañía de su esposa Sara González.
Realizaba actividades comunitarias o cívicas. Periodista de la emisora comunitaria La Libertad, asesinado en 2001. Durante una época de su vida se dedicó a la reportería en San Jacinto y el Carmen, hasta que en esta región empezó la irrupción de grupos paramilitares, quienes empezaron a estigmatizar a todos los alcaldes de la región como guerrilleros de las FARC, además insinuando que todos los periodistas que informaran sobre
actos del gobierno, eran facilitadores de las FARC. Razón por la cual, Estrada prefirió dedicarse al trabajo social donde se incorporó al Programa de Desarrollo y Paz del Magdalena Medio. Luego de un tiempo se empeñaría en formar una emisora comunitaria. Según un documento de Reporteros sin Fronteras, por la época de su muerte tenía planeado participar en un diálogo entre el ELN y la sociedad civil.",Paramilitares,Asesinato,Bolívar,NA,NA,Eduardo,Estrada Gutierrez,NA
5006g00000ondOoAAI,2001-07-06,Cerrado,"Iba en su carro en compañía de su compañero de trabajo, Omar Orlando García, quien narró a la Fiscalía que un hombre se acercó al vehículo y le disparó una vez a Vásquez. Por amenazas contra su vida, en el mismo 2001, García se fue a vivir exiliado a Canadá. Recibió amenazas de los
paramilitares luego de haber puesto en evidencia la existencia de un casete en el que la ex alcaldesa de Florencia, Lucrecia Murcia Lozada, aparecía entregándole dinero a los concejales. La alcaldesa acusó a Duviel de terrorista de la información. Luego, lo mataron.",Paramilitares,Asesinato,Caquetá,NA,NA,José,Duviel Vasquez,NA
5006g00000ondKYAAY,2002-01-23,Cerrado,"En el momento en que salía de un estudio de revelado fotográfico, dos personas que se movilizaban en una motocicleta le dispararon en repetidas ocasiones. Ya había sido amenazado por dos casos: unas fotos alusivas a la muerte de cinco personas y por otras fotos de un adulto en compañía de una menor.",Desconocido,Asesinato,Valle del Cauca,NA,NA,Marco Antonio,Ayala,NA
5006g00000ondVaAAI,2002-01-30,Cerrado,"En presencia de su hija y frente a las instalaciones del periódico, un sicario le disparó dos tiros en la cabeza que le produjeron la muerte cerebral. Estuvo en estado de coma durante 48 horas. El sicario quedó registrado en las cámaras de seguridad del sector. Realizaba denuncias contra la clase política de Caldas. Era Subdirector del diario La Patria. Su labor se caracterizó por criticar a la coalición política de los senadores Omar Yepes Álzate y Víctor Renán Barco, quienes tenían gran preponderancia en el Departamento de Caldas, a quienes Sierra les atribuía la mayor parte de los problemas del departamento y a Ferney Tapasco, quien controló durante veinte años la Asamblea de Caldas. Este último perdería su investidura por las denuncias de las columnas hechas por Sierra. Posteriormente redactaría una columna con el nombre de “Los delfines de la corrupción”, en la cual lanzaba una crítica a Dixon, hijo de Ferney Tapasco, quien se lanzó a la Cámara de Representantes. Al cruzarse por la calle con Ferney, este lo agredió y lo amenazó de muerte. A raíz de este incidente recibió por parte del Estado dos escoltas y una camioneta, los cuales fueron rechazados por el periodista con el argumento de que “prefería andar libre y en buseta”. Finalmente sería asesinado al frente de las instalaciones de su periódico en presencia de su hija. Al proceso se vinculó formalmente como autores intelectuales a Dixon Ferney Tapasco Triviño y Francisco Ferney Tapasco González, a quienes además se les encontraron vínculos con los paramilitares, mientras la autoría material se vinculó a Luís Fernando Soto Zapata, quien fue liberado en 2007 gracias a rebajas de pena y murió en el 2008 tras un enfrentamiento con la Policía.",NA,Asesinato,Caldas,NA,NA,Orlando,Sierra,NA
5006g00000ondZNAAY,2002-04-12,Cerrado,"En zona rural de Cali, fue asesinado durante el cubrimiento de la persecución que realizaban el Ejército y la Policía contra un grupo de guerrilleros de las FARC que secuestró a 12 diputados de la Asamblea del Valle.",Fuerza Pública,Asesinato,Valle del Cauca,NA,NA,Walter,López,NA
5006g00000ondbYAAQ,2002-04-12,Cerrado,"En zona rural de Cali, fue asesinado durante el cubrimiento de la persecución que realizaban el Ejército y la Policía contra un grupo de guerrilleros de las FARC que secuestró a 12 diputados de la Asamblea del Valle.",Fuerza Pública,Asesinato,Valle del Cauca,NA,NA,Hector,Sandoval,NA
5006g00000ondbKAAQ,2002-05-04,Cerrado,"Periodista muerto en Yumbo. En el pasado había denunciado actos de corrupción local y se había retirado de la actividad profesional en 2000. Acosta trabajó para los periódicos El Occidente, El País y la cadena radial Todelar. En los últimos años antes de su muerte, no había trabajado para los medios. Las autoridades todavía están investigando si se trata de un homicidio por razones de la profesión (extraído del informe semestral de la SIP).",Desconocido,Asesinato,Valle del Cauca,NA,NA,Victor Omar,Acosta,NA
5006g00000ondh7AAA,2002-06-28,Cerrado,"Cuando viajaba en un vehículo por Arauca, fue interceptado con identificación de la radio por un grupo de hombres armados. Lo bajaron del auto y   le dispararon. Dos semanas antes su nombre apareció en una lista de personas declaradas “objetivos militares” de las Autodefensas Unidas de Colombia (AUC). En múltiples ocasiones el comunicador denunció haberse convertido en blanco de amenazas de grupos de autodefensa como consecuencia de los contenidos del programa que conducía en la emisora. Realizaba denuncias de atropellos del Ejército y los paramilitares.",Paramilitares,Asesinato,Arauca,NA,NA,Efrain,Varela Noriega,NA
5006g00000ondkpAAA,2002-07-11,Cerrado,"En la vía que de Ibagué conduce a Roncesvalles, miembros del Frente 21 de las FARC interceptaron un bus en el que se movilizaban Ángela Yesenia Briñez Ballesteros, personera de Roncesvalles y Elizabeth Obando Murcia. Los delincuentes obligaron a descender del vehículo a las dos mujeres y procedieron a disparar el arma de fuego contra Elizabeth Obando.",Guerrilla,Asesinato,Tolima,NA,NA,Elizabeth,Obando,NA
5006g00000ondntAAA,2002-07-12,Cerrado,"El cuerpo del periodista fue hallado con cuatro impactos de bala en la cabeza. Prada había desaparecido el jueves 11 de junio. Realizaba denuncias  de irregularidades de la clase política y de los paramilitares. Era director del diario Horizonte Sabanero. Poco antes de su muerte, en su última columna publicada en el diario, a modo de autobiografía contó cómo todas las desgracias de su región desde que tiene conciencia han sido culpa de los
poderosos gamonales que han manejado a su antojo la administración pública. Fue secretario del concejo municipal de la Unión Patriótica, razón por la cual siempre se le tildó de ser aliado de la guerrilla. Con su desaparición física también desapareció el periódico Horizonte Sabanero.",NA,Asesinato,Santander,NA,NA,Mario,Prada Diaz,NA
5006g00000ondkqAAA,2002-07-16,Cerrado,"Periodista y locutor de 95,5 Estéreo. Era el conductor de un programa de radio de la Secretaría de Salud de Carmen de Bolívar llamado “A su salud”,  en el cual se buscaba realizar campañas de prevención de enfermedades. Además de este tema y otros de deportes o música, nunca tocó temas políticos ni de conflicto. Dos años antes de su muerte se lanzó al Concejo de Carmen de Bolívar sin éxito alguno y al momento de su muerte se desempeñaba como presidente de la Junta de Acción Comunal del Barrio 12 de Noviembre. Al parecer no había recibido ninguna amenaza en contra de su vida y  aun no se ha podido establecer si su asesinato se debe a razones de oficio periodístico o no.",Desconocido,Asesinato,Bolívar,NA,NA,Dennis Segundo,Sanchez Lora,NA
5006g00000oneF4AAI,2003-04-29,Cerrado,"Fue asesinado en un hotel por un hombre que le propinó cinco disparos. Realizaba denuncias contra la delincuencia organizada en La Guajira y la complicidad de las autoridades. Su labor se caracterizaba por no escatimar al momento de denunciar anomalías en la administración pública y solía hacerlo con nombres propios. Quizás su publicación más contundente sobre este tema fue la que realizó en el periódico Guajiro Quincenario en el que mostró los sospechosos entretejidos de la administración local. Publicación que generaría inmediatamente la aparición en un muro de Maicao, cerca a su casa, de un grafiti con el mensaje “Muerte a Rengifo”.",NA,Asesinato,La Guajira,NA,NA,Jaime,Rengifo Revero,NA
5006g00000oneMZAAY,2003-10-18,Cerrado,"Dos sujetos que se movilizaban en una moto le dispararon en cuatro ocasiones. Había denunciado la existencia de un fraude electoral en el que habrían participado algunos miembros de las Fuerzas Armadas. Al momento de su muerte se encontraba empeñado en demostrar que las elecciones regionales de 2003 en Buenaventura habían estado envueltas en un fraude, auspiciado por miembros de la Marina y la Policía. Como resultado recibió exigencia de rectificación por parte del círculo social del alcalde electo, Saulo Quiñones, y los miembros de las Fuerzas Armadas. Inicialmente, Soto se negó a hacerlo, pero poco después tuvo que hacerlo al tiempo que él y su familia recibían amenazas anónimas. Posteriormente perdería la vida a mano de dos sicarios, hecho por el cual casi un año después de la muerte, la policía capturaría a Miguel Contreras y a Miguel Garcés alias La Pantera, dos miembros de las AUC, a quienes se les encontraría la presunta arma y la motocicleta que fue usada para el crimen.",Paramilitares,Asesinato,Valle del Cauca,NA,NA,William,Soto Cheng,NA
5006g00000oneHoAAI,2003-08-22,Cerrado,"Era un comunicador social y periodista recordado por sus aportes a la radio del Valle de Sibundoy y su trabajo constante por fortalecer la comunicación y el periodismo en la región. Fue asesinado en la vereda de La Joya, mientras se dirigía a cubrir el primer Consejo Comunal del ex Presidente Álvaro Uribe Vélez, en Puerto Asís.",Desconocido,Asesinato,Putumayo,NA,NA,Juan Carlos,Benavides Arevalo,NA
5006g00000onePsAAI,2004-09-20,Cerrado,"Fue asesinado por un sicario el 20 de septiembre a las 12:30 de la tarde. El hecho se produjo cerca a la plaza principal de mercado de esa ciudad, donde todos los días vendía los periódicos locales y nacionales. El asesinato estaría relacionado con la publicación que hizo en el periódico local, El Informador, sobre una nota y una fotografía en la que se informaba sobre la captura de unos presuntos miembros de los paramilitares. A pocas horas  de publicada la noticia el periódico se agotó. Madero Muñoz decidió sacarle fotocopias al artículo y continuó vendiendo las copias. El diario El Tiempo narró que un desconocido se le acercó y le dijo “deje de vender esa vaina” y se marchó. Madero no hizo caso a la advertencia y siguió vendiendo la noticia. Minutos después fue asesinado.",Desconocido,Asesinato,Magdalena,NA,NA,Jairo Alberto,Madero Muñoz,NA
5006g00000lyMFsAAM,2002-12-01,Cerrado,"El hecho ocurrió cerca de las diez de la noche cuando Perdomo y su esposa Sandra Jinet Cáceres Cruz, salían del hotel ""La Casona"". Seis cuadras más adelante, poco antes de llegar a su residencia, fueron interceptados por dos personas en moto, al parecer un hombre y una mujer, quienes les dispararon siete veces, según versiones de las autoridades del municipio. Perdomo murió instantaneamente y su esposa resultó herida.",Desconocido,Asesinato,Huila,NA,NA,Gimbler,Perdomo Zamora,NA
